{"name":"vendorLibrary","content":{"./node_modules/fbjs/lib/invariant.js":{"id":0,"meta":{}},"./node_modules/fbjs/lib/warning.js":{"id":1,"meta":{}},"./node_modules/react-dom/lib/reactProdInvariant.js":{"id":2,"meta":{}},"./node_modules/react/react.js":{"id":3,"meta":{}},"./node_modules/object-assign/index.js":{"id":4,"meta":{}},"./node_modules/prop-types/index.js":{"id":5,"meta":{}},"./node_modules/react-dom/lib/ReactDOMComponentTree.js":{"id":6,"meta":{}},"./node_modules/async-validator/es/util.js":{"id":7,"meta":{}},"./node_modules/fbjs/lib/ExecutionEnvironment.js":{"id":8,"meta":{}},"./node_modules/create-react-class/index.js":{"id":9,"meta":{}},"./node_modules/invariant/browser.js":{"id":10,"meta":{}},"./node_modules/async-validator/es/rule/index.js":{"id":11,"meta":{}},"./node_modules/react/lib/ReactComponentTreeHook.js":{"id":12,"meta":{}},"./node_modules/react-dom/lib/ReactInstrumentation.js":{"id":13,"meta":{}},"./node_modules/fbjs/lib/emptyFunction.js":{"id":14,"meta":{}},"./node_modules/react/lib/ReactCurrentOwner.js":{"id":15,"meta":{}},"./node_modules/react-dom/lib/ReactUpdates.js":{"id":16,"meta":{}},"./node_modules/react-dom/lib/SyntheticEvent.js":{"id":17,"meta":{}},"./node_modules/webpack/buildin/global.js":{"id":18,"meta":{}},"./node_modules/warning/browser.js":{"id":19,"meta":{}},"./node_modules/fixed-data-table-2/internal/cx.js":{"id":20,"meta":{}},"./node_modules/react-dom/lib/DOMProperty.js":{"id":21,"meta":{}},"./node_modules/react-router/es/RouteUtils.js":{"id":22,"meta":{"harmonyModule":true},"exports":["isReactChildren","createRouteFromReactElement","createRoutesFromReactChildren","createRoutes"]},"./node_modules/history/lib/PathUtils.js":{"id":23,"meta":{}},"./node_modules/react/lib/ReactElement.js":{"id":24,"meta":{}},"./node_modules/react-dom/lib/PooledClass.js":{"id":25,"meta":{}},"./node_modules/fixed-data-table-2/internal/emptyFunction.js":{"id":26,"meta":{}},"./node_modules/react/lib/React.js":{"id":27,"meta":{}},"./node_modules/react/lib/reactProdInvariant.js":{"id":28,"meta":{}},"./node_modules/react-dom/lib/ReactReconciler.js":{"id":29,"meta":{}},"./node_modules/react-dom/lib/DOMLazyTree.js":{"id":30,"meta":{}},"./node_modules/react-router/es/routerWarning.js":{"id":31,"meta":{"harmonyModule":true},"exports":["default","_resetWarned"]},"./node_modules/react-router/es/PatternUtils.js":{"id":32,"meta":{"harmonyModule":true},"exports":["compilePattern","matchPattern","getParamNames","getParams","formatPattern"]},"./node_modules/history/lib/LocationUtils.js":{"id":33,"meta":{}},"./node_modules/react-is/index.js":{"id":34,"meta":{}},"./node_modules/react-dom/lib/EventPropagators.js":{"id":35,"meta":{}},"./node_modules/react-dom/lib/EventPluginHub.js":{"id":36,"meta":{}},"./node_modules/react-dom/lib/SyntheticUIEvent.js":{"id":37,"meta":{}},"./node_modules/react-dom/lib/ReactInstanceMap.js":{"id":38,"meta":{}},"./node_modules/react-router/es/InternalPropTypes.js":{"id":39,"meta":{"harmonyModule":true},"exports":["falsy","history","component","components","route","routes"]},"./node_modules/fixed-data-table-2/internal/invariant.js":{"id":40,"meta":{}},"./node_modules/fixed-data-table-2/internal/joinClasses.js":{"id":41,"meta":{}},"./node_modules/react/lib/canDefineProperty.js":{"id":42,"meta":{}},"./node_modules/fbjs/lib/emptyObject.js":{"id":43,"meta":{}},"./node_modules/process/browser.js":{"id":44,"meta":{}},"./node_modules/react-dom/lib/EventPluginRegistry.js":{"id":45,"meta":{}},"./node_modules/react-dom/lib/Transaction.js":{"id":46,"meta":{}},"./node_modules/react-dom/lib/SyntheticMouseEvent.js":{"id":47,"meta":{}},"./node_modules/react-dom/lib/setInnerHTML.js":{"id":48,"meta":{}},"./node_modules/react-dom/lib/escapeTextContentForBrowser.js":{"id":49,"meta":{}},"./node_modules/react-dom/lib/ReactBrowserEventEmitter.js":{"id":50,"meta":{}},"./node_modules/history/lib/Actions.js":{"id":51,"meta":{}},"./node_modules/history/lib/DOMUtils.js":{"id":52,"meta":{}},"./node_modules/fixed-data-table-2/internal/ReactComponentWithPureRenderMixin.js":{"id":53,"meta":{}},"./node_modules/fixed-data-table-2/internal/FixedDataTableTranslateDOMPosition.js":{"id":54,"meta":{}},"./node_modules/fixed-data-table-2/internal/clamp.js":{"id":55,"meta":{}},"./node_modules/react/lib/lowPriorityWarning.js":{"id":56,"meta":{}},"./node_modules/react-dom/lib/EventPluginUtils.js":{"id":57,"meta":{}},"./node_modules/react-dom/lib/ReactErrorUtils.js":{"id":58,"meta":{}},"./node_modules/react-dom/lib/getEventTarget.js":{"id":59,"meta":{}},"./node_modules/react-dom/lib/isEventSupported.js":{"id":60,"meta":{}},"./node_modules/react-dom/lib/getEventModifierState.js":{"id":61,"meta":{}},"./node_modules/react-dom/lib/DOMChildrenOperations.js":{"id":62,"meta":{}},"./node_modules/react-dom/lib/DOMNamespaces.js":{"id":63,"meta":{}},"./node_modules/react-dom/lib/createMicrosoftUnsafeLocalFunction.js":{"id":64,"meta":{}},"./node_modules/react-dom/lib/LinkedValueUtils.js":{"id":65,"meta":{}},"./node_modules/react-dom/lib/ReactComponentEnvironment.js":{"id":66,"meta":{}},"./node_modules/fbjs/lib/shallowEqual.js":{"id":67,"meta":{}},"./node_modules/react-dom/lib/shouldUpdateReactComponent.js":{"id":68,"meta":{}},"./node_modules/react-dom/lib/KeyEscapeUtils.js":{"id":69,"meta":{}},"./node_modules/react-dom/lib/ReactUpdateQueue.js":{"id":70,"meta":{}},"./node_modules/react-dom/lib/validateDOMNesting.js":{"id":71,"meta":{}},"./node_modules/react-dom/lib/getEventCharCode.js":{"id":72,"meta":{}},"./node_modules/react-redux/es/utils/warning.js":{"id":73,"meta":{"harmonyModule":true},"exports":["default"]},"./node_modules/@babel/runtime/helpers/esm/extends.js":{"id":74,"meta":{"harmonyModule":true},"exports":["default"]},"./node_modules/@babel/runtime/helpers/esm/objectWithoutPropertiesLoose.js":{"id":75,"meta":{"harmonyModule":true},"exports":["default"]},"./node_modules/react-router/es/AsyncUtils.js":{"id":76,"meta":{"harmonyModule":true},"exports":["loopAsync","mapAsync"]},"./node_modules/react-router/es/RouterContext.js":{"id":77,"meta":{"harmonyModule":true},"exports":["default"]},"./node_modules/react-router/es/ContextUtils.js":{"id":78,"meta":{"harmonyModule":true},"exports":["ContextProvider","ContextSubscriber"]},"./node_modules/react-router/es/PropTypes.js":{"id":79,"meta":{"harmonyModule":true},"exports":["routerShape","locationShape"]},"./node_modules/history/lib/runTransitionHook.js":{"id":80,"meta":{}},"./node_modules/history/lib/createHistory.js":{"id":81,"meta":{}},"./node_modules/history/lib/ExecutionEnvironment.js":{"id":82,"meta":{}},"./node_modules/history/lib/BrowserProtocol.js":{"id":83,"meta":{}},"./node_modules/fixed-data-table-2/internal/requestAnimationFramePolyfill.js":{"id":84,"meta":{}},"./node_modules/fixed-data-table-2/internal/DOMMouseMoveTracker.js":{"id":85,"meta":{}},"./node_modules/fixed-data-table-2/internal/FixedDataTableEventHelper.js":{"id":86,"meta":{}},"./node_modules/fixed-data-table-2/internal/Locale.js":{"id":87,"meta":{}},"./node_modules/async-validator/es/rule/required.js":{"id":88,"meta":{}},"./node_modules/react/lib/ReactBaseClasses.js":{"id":89,"meta":{}},"./node_modules/react/lib/ReactNoopUpdateQueue.js":{"id":90,"meta":{}},"./node_modules/react/lib/ReactElementSymbol.js":{"id":91,"meta":{}},"./node_modules/react/lib/getIteratorFn.js":{"id":92,"meta":{}},"./node_modules/react/lib/ReactElementValidator.js":{"id":93,"meta":{}},"./node_modules/prop-types/factory.js":{"id":94,"meta":{}},"./node_modules/prop-types/factoryWithTypeCheckers.js":{"id":95,"meta":{}},"./node_modules/prop-types/lib/ReactPropTypesSecret.js":{"id":96,"meta":{}},"./node_modules/create-react-class/factory.js":{"id":97,"meta":{}},"./node_modules/react-dom/index.js":{"id":98,"meta":{}},"./node_modules/react-dom/lib/ReactDOMComponentFlags.js":{"id":99,"meta":{}},"./node_modules/react-dom/lib/accumulateInto.js":{"id":100,"meta":{}},"./node_modules/react-dom/lib/forEachAccumulated.js":{"id":101,"meta":{}},"./node_modules/react-dom/lib/getTextContentAccessor.js":{"id":102,"meta":{}},"./node_modules/react-dom/lib/CallbackQueue.js":{"id":103,"meta":{}},"./node_modules/react-dom/lib/ReactFeatureFlags.js":{"id":104,"meta":{}},"./node_modules/react-dom/lib/inputValueTracking.js":{"id":105,"meta":{}},"./node_modules/react-dom/lib/isTextInputElement.js":{"id":106,"meta":{}},"./node_modules/react-dom/lib/ViewportMetrics.js":{"id":107,"meta":{}},"./node_modules/react-dom/lib/setTextContent.js":{"id":108,"meta":{}},"./node_modules/fbjs/lib/focusNode.js":{"id":109,"meta":{}},"./node_modules/react-dom/lib/CSSProperty.js":{"id":110,"meta":{}},"./node_modules/react-dom/lib/DOMPropertyOperations.js":{"id":111,"meta":{}},"./node_modules/react-dom/lib/ReactPropTypesSecret.js":{"id":112,"meta":{}},"./node_modules/react-dom/lib/ReactDOMSelect.js":{"id":113,"meta":{}},"./node_modules/react-dom/lib/instantiateReactComponent.js":{"id":114,"meta":{}},"./node_modules/react-dom/lib/ReactNodeTypes.js":{"id":115,"meta":{}},"./node_modules/react-dom/lib/ReactEmptyComponent.js":{"id":116,"meta":{}},"./node_modules/react-dom/lib/ReactHostComponent.js":{"id":117,"meta":{}},"./node_modules/react-dom/lib/traverseAllChildren.js":{"id":118,"meta":{}},"./node_modules/fbjs/lib/EventListener.js":{"id":119,"meta":{}},"./node_modules/react-dom/lib/ReactInputSelection.js":{"id":120,"meta":{}},"./node_modules/fbjs/lib/getActiveElement.js":{"id":121,"meta":{}},"./node_modules/react-dom/lib/ReactMount.js":{"id":122,"meta":{}},"./node_modules/react-dom/lib/getHostComponentFromComposite.js":{"id":123,"meta":{}},"./node_modules/@babel/runtime/helpers/esm/inheritsLoose.js":{"id":124,"meta":{"harmonyModule":true},"exports":["default"]},"./node_modules/react-redux/es/utils/PropTypes.js":{"id":125,"meta":{"harmonyModule":true},"exports":["subscriptionShape","storeShape"]},"./node_modules/react-redux/es/components/connectAdvanced.js":{"id":126,"meta":{"harmonyModule":true},"exports":["default"]},"./node_modules/redux/es/index.js":{"id":127,"meta":{"harmonyModule":true},"exports":["createStore","combineReducers","bindActionCreators","applyMiddleware","compose"]},"./node_modules/redux/es/createStore.js":{"id":128,"meta":{"harmonyModule":true},"exports":["ActionTypes","default"]},"./node_modules/lodash-es/isPlainObject.js":{"id":129,"meta":{"harmonyModule":true},"exports":["default"]},"./node_modules/lodash-es/_Symbol.js":{"id":130,"meta":{"harmonyModule":true},"exports":["default"]},"./node_modules/redux/es/utils/warning.js":{"id":131,"meta":{"harmonyModule":true},"exports":["default"]},"./node_modules/redux/es/compose.js":{"id":132,"meta":{"harmonyModule":true},"exports":["default"]},"./node_modules/react-redux/es/connect/wrapMapToProps.js":{"id":133,"meta":{"harmonyModule":true},"exports":["wrapMapToPropsConstant","getDependsOnOwnProps","wrapMapToPropsFunc"]},"./node_modules/react-redux/es/utils/verifyPlainObject.js":{"id":134,"meta":{"harmonyModule":true},"exports":["default"]},"./node_modules/react-router/es/createTransitionManager.js":{"id":135,"meta":{"harmonyModule":true},"exports":["default"]},"./node_modules/react-router/es/PromiseUtils.js":{"id":136,"meta":{"harmonyModule":true},"exports":["isPromise"]},"./node_modules/react-router/es/RouterUtils.js":{"id":137,"meta":{"harmonyModule":true},"exports":["createRouterObject","assignRouterState"]},"./node_modules/react-router/es/Link.js":{"id":138,"meta":{"harmonyModule":true},"exports":["default"]},"./node_modules/react-router/es/Redirect.js":{"id":139,"meta":{"harmonyModule":true},"exports":["default"]},"./node_modules/react-router/es/createMemoryHistory.js":{"id":140,"meta":{"harmonyModule":true},"exports":["default"]},"./node_modules/history/lib/useQueries.js":{"id":141,"meta":{}},"./node_modules/history/lib/useBasename.js":{"id":142,"meta":{}},"./node_modules/react-router/es/useRouterHistory.js":{"id":143,"meta":{"harmonyModule":true},"exports":["default"]},"./node_modules/history/lib/DOMStateStorage.js":{"id":144,"meta":{}},"./node_modules/react-router/es/createRouterHistory.js":{"id":145,"meta":{"harmonyModule":true},"exports":["default"]},"./node_modules/react-router-redux/lib/reducer.js":{"id":146,"meta":{}},"./node_modules/react-router-redux/lib/actions.js":{"id":147,"meta":{}},"./node_modules/fixed-data-table-2/internal/ReactWheelHandler.js":{"id":148,"meta":{}},"./node_modules/fixed-data-table-2/internal/ExecutionEnvironment.js":{"id":149,"meta":{}},"./node_modules/fixed-data-table-2/internal/Scrollbar.js":{"id":150,"meta":{}},"./node_modules/fixed-data-table-2/internal/getVendorPrefixedName.js":{"id":151,"meta":{}},"./node_modules/fixed-data-table-2/internal/FixedDataTableRow.js":{"id":152,"meta":{}},"./node_modules/fixed-data-table-2/internal/FixedDataTableHelper.js":{"id":153,"meta":{}},"./node_modules/fixed-data-table-2/internal/FixedDataTableColumnGroup.js":{"id":154,"meta":{}},"./node_modules/fixed-data-table-2/internal/FixedDataTableColumn.js":{"id":155,"meta":{}},"./node_modules/fixed-data-table-2/internal/FixedDataTableCellDefault.js":{"id":156,"meta":{}},"./node_modules/fixed-data-table-2/internal/shallowEqual.js":{"id":157,"meta":{}},"./node_modules/redux-logger/lib/helpers.js":{"id":158,"meta":{}},"./node_modules/async-validator/es/index.js":{"id":160,"meta":{}},"./node_modules/async-validator/es/validator/index.js":{"id":161,"meta":{}},"./node_modules/async-validator/es/validator/string.js":{"id":162,"meta":{}},"./node_modules/async-validator/es/rule/whitespace.js":{"id":163,"meta":{}},"./node_modules/async-validator/es/rule/type.js":{"id":164,"meta":{}},"./node_modules/async-validator/es/rule/range.js":{"id":165,"meta":{}},"./node_modules/async-validator/es/rule/enum.js":{"id":166,"meta":{}},"./node_modules/async-validator/es/rule/pattern.js":{"id":167,"meta":{}},"./node_modules/async-validator/es/validator/method.js":{"id":168,"meta":{}},"./node_modules/async-validator/es/validator/number.js":{"id":169,"meta":{}},"./node_modules/async-validator/es/validator/boolean.js":{"id":170,"meta":{}},"./node_modules/async-validator/es/validator/regexp.js":{"id":171,"meta":{}},"./node_modules/async-validator/es/validator/integer.js":{"id":172,"meta":{}},"./node_modules/async-validator/es/validator/float.js":{"id":173,"meta":{}},"./node_modules/async-validator/es/validator/array.js":{"id":174,"meta":{}},"./node_modules/async-validator/es/validator/object.js":{"id":175,"meta":{}},"./node_modules/async-validator/es/validator/enum.js":{"id":176,"meta":{}},"./node_modules/async-validator/es/validator/pattern.js":{"id":177,"meta":{}},"./node_modules/async-validator/es/validator/date.js":{"id":178,"meta":{}},"./node_modules/async-validator/es/validator/required.js":{"id":179,"meta":{}},"./node_modules/async-validator/es/validator/type.js":{"id":180,"meta":{}},"./node_modules/async-validator/es/messages.js":{"id":181,"meta":{}},"./node_modules/cookies-js/dist/cookies.js":{"id":182,"meta":{}},"./node_modules/redux-thunk/es/index.js":{"id":183,"meta":{"harmonyModule":true},"exports":["default"]},"./node_modules/react/lib/ReactChildren.js":{"id":184,"meta":{}},"./node_modules/react/lib/PooledClass.js":{"id":185,"meta":{}},"./node_modules/react/lib/traverseAllChildren.js":{"id":186,"meta":{}},"./node_modules/react/lib/KeyEscapeUtils.js":{"id":187,"meta":{}},"./node_modules/react/lib/ReactDOMFactories.js":{"id":188,"meta":{}},"./node_modules/react/lib/checkReactTypeSpec.js":{"id":189,"meta":{}},"./node_modules/react/lib/ReactPropTypeLocationNames.js":{"id":190,"meta":{}},"./node_modules/react/lib/ReactPropTypesSecret.js":{"id":191,"meta":{}},"./node_modules/react/lib/ReactPropTypes.js":{"id":192,"meta":{}},"./node_modules/react-is/cjs/react-is.development.js":{"id":193,"meta":{}},"./node_modules/prop-types/checkPropTypes.js":{"id":194,"meta":{}},"./node_modules/react/lib/ReactVersion.js":{"id":195,"meta":{}},"./node_modules/react/lib/createClass.js":{"id":196,"meta":{}},"./node_modules/react/lib/onlyChild.js":{"id":197,"meta":{}},"./node_modules/react-dom/lib/ReactDOM.js":{"id":198,"meta":{}},"./node_modules/react-dom/lib/ReactDefaultInjection.js":{"id":199,"meta":{}},"./node_modules/react-dom/lib/ARIADOMPropertyConfig.js":{"id":200,"meta":{}},"./node_modules/react-dom/lib/BeforeInputEventPlugin.js":{"id":201,"meta":{}},"./node_modules/react-dom/lib/FallbackCompositionState.js":{"id":202,"meta":{}},"./node_modules/react-dom/lib/SyntheticCompositionEvent.js":{"id":203,"meta":{}},"./node_modules/react-dom/lib/SyntheticInputEvent.js":{"id":204,"meta":{}},"./node_modules/react-dom/lib/ChangeEventPlugin.js":{"id":205,"meta":{}},"./node_modules/react-dom/lib/ReactRef.js":{"id":206,"meta":{}},"./node_modules/react-dom/lib/ReactOwner.js":{"id":207,"meta":{}},"./node_modules/react-dom/lib/ReactDebugTool.js":{"id":208,"meta":{}},"./node_modules/react-dom/lib/ReactInvalidSetStateWarningHook.js":{"id":209,"meta":{}},"./node_modules/react-dom/lib/ReactHostOperationHistoryHook.js":{"id":210,"meta":{}},"./node_modules/fbjs/lib/performanceNow.js":{"id":211,"meta":{}},"./node_modules/fbjs/lib/performance.js":{"id":212,"meta":{}},"./node_modules/react-dom/lib/DefaultEventPluginOrder.js":{"id":213,"meta":{}},"./node_modules/react-dom/lib/EnterLeaveEventPlugin.js":{"id":214,"meta":{}},"./node_modules/react-dom/lib/HTMLDOMPropertyConfig.js":{"id":215,"meta":{}},"./node_modules/react-dom/lib/ReactComponentBrowserEnvironment.js":{"id":216,"meta":{}},"./node_modules/react-dom/lib/Danger.js":{"id":217,"meta":{}},"./node_modules/fbjs/lib/createNodesFromMarkup.js":{"id":218,"meta":{}},"./node_modules/fbjs/lib/createArrayFromMixed.js":{"id":219,"meta":{}},"./node_modules/fbjs/lib/getMarkupWrap.js":{"id":220,"meta":{}},"./node_modules/react-dom/lib/ReactDOMIDOperations.js":{"id":221,"meta":{}},"./node_modules/react-dom/lib/ReactDOMComponent.js":{"id":222,"meta":{}},"./node_modules/react-dom/lib/AutoFocusUtils.js":{"id":223,"meta":{}},"./node_modules/react-dom/lib/CSSPropertyOperations.js":{"id":224,"meta":{}},"./node_modules/fbjs/lib/camelizeStyleName.js":{"id":225,"meta":{}},"./node_modules/fbjs/lib/camelize.js":{"id":226,"meta":{}},"./node_modules/react-dom/lib/dangerousStyleValue.js":{"id":227,"meta":{}},"./node_modules/fbjs/lib/hyphenateStyleName.js":{"id":228,"meta":{}},"./node_modules/fbjs/lib/hyphenate.js":{"id":229,"meta":{}},"./node_modules/fbjs/lib/memoizeStringOnly.js":{"id":230,"meta":{}},"./node_modules/react-dom/lib/quoteAttributeValueForBrowser.js":{"id":231,"meta":{}},"./node_modules/react-dom/lib/ReactEventEmitterMixin.js":{"id":232,"meta":{}},"./node_modules/react-dom/lib/getVendorPrefixedEventName.js":{"id":233,"meta":{}},"./node_modules/react-dom/lib/ReactDOMInput.js":{"id":234,"meta":{}},"./node_modules/react-dom/lib/ReactDOMOption.js":{"id":235,"meta":{}},"./node_modules/react-dom/lib/ReactDOMTextarea.js":{"id":236,"meta":{}},"./node_modules/react-dom/lib/ReactMultiChild.js":{"id":237,"meta":{}},"./node_modules/react-dom/lib/ReactChildReconciler.js":{"id":238,"meta":{}},"./node_modules/react-dom/lib/ReactCompositeComponent.js":{"id":239,"meta":{}},"./node_modules/react-dom/lib/checkReactTypeSpec.js":{"id":240,"meta":{}},"./node_modules/react-dom/lib/ReactPropTypeLocationNames.js":{"id":241,"meta":{}},"./node_modules/react/lib/getNextDebugID.js":{"id":242,"meta":{}},"./node_modules/react-dom/lib/ReactElementSymbol.js":{"id":243,"meta":{}},"./node_modules/react-dom/lib/getIteratorFn.js":{"id":244,"meta":{}},"./node_modules/react-dom/lib/flattenChildren.js":{"id":245,"meta":{}},"./node_modules/react-dom/lib/ReactServerRenderingTransaction.js":{"id":246,"meta":{}},"./node_modules/react-dom/lib/ReactServerUpdateQueue.js":{"id":247,"meta":{}},"./node_modules/react-dom/lib/ReactDOMEmptyComponent.js":{"id":248,"meta":{}},"./node_modules/react-dom/lib/ReactDOMTreeTraversal.js":{"id":249,"meta":{}},"./node_modules/react-dom/lib/ReactDOMTextComponent.js":{"id":250,"meta":{}},"./node_modules/react-dom/lib/ReactDefaultBatchingStrategy.js":{"id":251,"meta":{}},"./node_modules/react-dom/lib/ReactEventListener.js":{"id":252,"meta":{}},"./node_modules/fbjs/lib/getUnboundedScrollPosition.js":{"id":253,"meta":{}},"./node_modules/react-dom/lib/ReactInjection.js":{"id":254,"meta":{}},"./node_modules/react-dom/lib/ReactReconcileTransaction.js":{"id":255,"meta":{}},"./node_modules/react-dom/lib/ReactDOMSelection.js":{"id":256,"meta":{}},"./node_modules/react-dom/lib/getNodeForCharacterOffset.js":{"id":257,"meta":{}},"./node_modules/fbjs/lib/containsNode.js":{"id":258,"meta":{}},"./node_modules/fbjs/lib/isTextNode.js":{"id":259,"meta":{}},"./node_modules/fbjs/lib/isNode.js":{"id":260,"meta":{}},"./node_modules/react-dom/lib/SVGDOMPropertyConfig.js":{"id":261,"meta":{}},"./node_modules/react-dom/lib/SelectEventPlugin.js":{"id":262,"meta":{}},"./node_modules/react-dom/lib/SimpleEventPlugin.js":{"id":263,"meta":{}},"./node_modules/react-dom/lib/SyntheticAnimationEvent.js":{"id":264,"meta":{}},"./node_modules/react-dom/lib/SyntheticClipboardEvent.js":{"id":265,"meta":{}},"./node_modules/react-dom/lib/SyntheticFocusEvent.js":{"id":266,"meta":{}},"./node_modules/react-dom/lib/SyntheticKeyboardEvent.js":{"id":267,"meta":{}},"./node_modules/react-dom/lib/getEventKey.js":{"id":268,"meta":{}},"./node_modules/react-dom/lib/SyntheticDragEvent.js":{"id":269,"meta":{}},"./node_modules/react-dom/lib/SyntheticTouchEvent.js":{"id":270,"meta":{}},"./node_modules/react-dom/lib/SyntheticTransitionEvent.js":{"id":271,"meta":{}},"./node_modules/react-dom/lib/SyntheticWheelEvent.js":{"id":272,"meta":{}},"./node_modules/react-dom/lib/ReactDOMContainerInfo.js":{"id":273,"meta":{}},"./node_modules/react-dom/lib/ReactDOMFeatureFlags.js":{"id":274,"meta":{}},"./node_modules/react-dom/lib/ReactMarkupChecksum.js":{"id":275,"meta":{}},"./node_modules/react-dom/lib/adler32.js":{"id":276,"meta":{}},"./node_modules/react-dom/lib/ReactVersion.js":{"id":277,"meta":{}},"./node_modules/react-dom/lib/findDOMNode.js":{"id":278,"meta":{}},"./node_modules/react-dom/lib/renderSubtreeIntoContainer.js":{"id":279,"meta":{}},"./node_modules/react-dom/lib/ReactDOMUnknownPropertyHook.js":{"id":280,"meta":{}},"./node_modules/react-dom/lib/ReactDOMNullInputValuePropHook.js":{"id":281,"meta":{}},"./node_modules/react-dom/lib/ReactDOMInvalidARIAHook.js":{"id":282,"meta":{}},"./node_modules/react-redux/es/index.js":{"id":283,"meta":{"harmonyModule":true},"exports":["Provider","createProvider","connectAdvanced","connect"]},"./node_modules/react-redux/es/components/Provider.js":{"id":284,"meta":{"harmonyModule":true},"exports":["createProvider","default"]},"./node_modules/@babel/runtime/helpers/esm/assertThisInitialized.js":{"id":285,"meta":{"harmonyModule":true},"exports":["default"]},"./node_modules/react-redux/node_modules/hoist-non-react-statics/dist/hoist-non-react-statics.cjs.js":{"id":286,"meta":{}},"./node_modules/react-redux/es/utils/Subscription.js":{"id":287,"meta":{"harmonyModule":true},"exports":["default"]},"./node_modules/react-redux/es/connect/connect.js":{"id":288,"meta":{"harmonyModule":true},"exports":["createConnect","default"]},"./node_modules/react-redux/es/utils/shallowEqual.js":{"id":289,"meta":{"harmonyModule":true},"exports":["default"]},"./node_modules/react-redux/es/connect/mapDispatchToProps.js":{"id":290,"meta":{"harmonyModule":true},"exports":["whenMapDispatchToPropsIsFunction","whenMapDispatchToPropsIsMissing","whenMapDispatchToPropsIsObject","default"]},"./node_modules/lodash-es/_baseGetTag.js":{"id":291,"meta":{"harmonyModule":true},"exports":["default"]},"./node_modules/lodash-es/_root.js":{"id":292,"meta":{"harmonyModule":true},"exports":["default"]},"./node_modules/lodash-es/_freeGlobal.js":{"id":293,"meta":{"harmonyModule":true},"exports":["default"]},"./node_modules/lodash-es/_getRawTag.js":{"id":294,"meta":{"harmonyModule":true},"exports":["default"]},"./node_modules/lodash-es/_objectToString.js":{"id":295,"meta":{"harmonyModule":true},"exports":["default"]},"./node_modules/lodash-es/_getPrototype.js":{"id":296,"meta":{"harmonyModule":true},"exports":["default"]},"./node_modules/lodash-es/_overArg.js":{"id":297,"meta":{"harmonyModule":true},"exports":["default"]},"./node_modules/lodash-es/isObjectLike.js":{"id":298,"meta":{"harmonyModule":true},"exports":["default"]},"./node_modules/symbol-observable/es/index.js":{"id":299,"meta":{"harmonyModule":true},"exports":["default"]},"./node_modules/webpack/buildin/harmony-module.js":{"id":300,"meta":{}},"./node_modules/symbol-observable/es/ponyfill.js":{"id":301,"meta":{"harmonyModule":true},"exports":["default"]},"./node_modules/redux/es/combineReducers.js":{"id":302,"meta":{"harmonyModule":true},"exports":["default"]},"./node_modules/redux/es/bindActionCreators.js":{"id":303,"meta":{"harmonyModule":true},"exports":["default"]},"./node_modules/redux/es/applyMiddleware.js":{"id":304,"meta":{"harmonyModule":true},"exports":["default"]},"./node_modules/react-redux/es/utils/isPlainObject.js":{"id":305,"meta":{"harmonyModule":true},"exports":["default"]},"./node_modules/react-redux/es/connect/mapStateToProps.js":{"id":306,"meta":{"harmonyModule":true},"exports":["whenMapStateToPropsIsFunction","whenMapStateToPropsIsMissing","default"]},"./node_modules/react-redux/es/connect/mergeProps.js":{"id":307,"meta":{"harmonyModule":true},"exports":["defaultMergeProps","wrapMergePropsFunc","whenMergePropsIsFunction","whenMergePropsIsOmitted","default"]},"./node_modules/react-redux/es/connect/selectorFactory.js":{"id":308,"meta":{"harmonyModule":true},"exports":["impureFinalPropsSelectorFactory","pureFinalPropsSelectorFactory","default"]},"./node_modules/react-redux/es/connect/verifySubselectors.js":{"id":309,"meta":{"harmonyModule":true},"exports":["default"]},"./node_modules/react-router/es/index.js":{"id":310,"meta":{"harmonyModule":true},"exports":["Router","Link","IndexLink","withRouter","IndexRedirect","IndexRoute","Redirect","Route","createRoutes","RouterContext","locationShape","routerShape","match","useRouterHistory","formatPattern","applyRouterMiddleware","browserHistory","hashHistory","createMemoryHistory"]},"./node_modules/react-router/es/Router.js":{"id":311,"meta":{"harmonyModule":true},"exports":["default"]},"./node_modules/react-router/es/computeChangedRoutes.js":{"id":312,"meta":{"harmonyModule":true},"exports":["default"]},"./node_modules/react-router/es/TransitionUtils.js":{"id":313,"meta":{"harmonyModule":true},"exports":["default"]},"./node_modules/react-router/es/isActive.js":{"id":314,"meta":{"harmonyModule":true},"exports":["default"]},"./node_modules/react-router/es/getComponents.js":{"id":315,"meta":{"harmonyModule":true},"exports":["default"]},"./node_modules/react-router/es/matchRoutes.js":{"id":316,"meta":{"harmonyModule":true},"exports":["default"]},"./node_modules/react-router/es/getRouteParams.js":{"id":317,"meta":{"harmonyModule":true},"exports":["default"]},"./node_modules/react-router/es/IndexLink.js":{"id":318,"meta":{"harmonyModule":true},"exports":["default"]},"./node_modules/react-router/es/withRouter.js":{"id":319,"meta":{"harmonyModule":true},"exports":["default"]},"./node_modules/react-router/node_modules/hoist-non-react-statics/dist/hoist-non-react-statics.cjs.js":{"id":320,"meta":{}},"./node_modules/react-router/es/IndexRedirect.js":{"id":321,"meta":{"harmonyModule":true},"exports":["default"]},"./node_modules/react-router/es/IndexRoute.js":{"id":322,"meta":{"harmonyModule":true},"exports":["default"]},"./node_modules/react-router/es/Route.js":{"id":323,"meta":{"harmonyModule":true},"exports":["default"]},"./node_modules/react-router/es/match.js":{"id":324,"meta":{"harmonyModule":true},"exports":["default"]},"./node_modules/query-string/index.js":{"id":325,"meta":{}},"./node_modules/strict-uri-encode/index.js":{"id":326,"meta":{}},"./node_modules/history/lib/createMemoryHistory.js":{"id":327,"meta":{}},"./node_modules/history/lib/AsyncUtils.js":{"id":328,"meta":{}},"./node_modules/react-router/es/applyRouterMiddleware.js":{"id":329,"meta":{"harmonyModule":true},"exports":["default"]},"./node_modules/react-router/es/browserHistory.js":{"id":330,"meta":{"harmonyModule":true},"exports":["default"]},"./node_modules/history/lib/createBrowserHistory.js":{"id":331,"meta":{}},"./node_modules/history/lib/RefreshProtocol.js":{"id":332,"meta":{}},"./node_modules/react-router/es/hashHistory.js":{"id":333,"meta":{"harmonyModule":true},"exports":["default"]},"./node_modules/history/lib/createHashHistory.js":{"id":334,"meta":{}},"./node_modules/history/lib/HashProtocol.js":{"id":335,"meta":{}},"./node_modules/react-router-redux/lib/index.js":{"id":336,"meta":{}},"./node_modules/react-router-redux/lib/sync.js":{"id":337,"meta":{}},"./node_modules/react-router-redux/lib/middleware.js":{"id":338,"meta":{}},"./node_modules/classnames/index.js":{"id":339,"meta":{}},"./node_modules/immutable/dist/immutable.js":{"id":340,"meta":{}},"./node_modules/isomorphic-fetch/fetch-npm-browserify.js":{"id":341,"meta":{}},"./node_modules/whatwg-fetch/fetch.js":{"id":342,"meta":{"harmonyModule":true},"exports":["Headers","Request","Response","DOMException","fetch"]},"./node_modules/fixed-data-table-2/main.js":{"id":343,"meta":{}},"./node_modules/fixed-data-table-2/internal/FixedDataTableRoot.js":{"id":344,"meta":{}},"./node_modules/fixed-data-table-2/internal/FixedDataTable.js":{"id":345,"meta":{}},"./node_modules/fixed-data-table-2/internal/normalizeWheel.js":{"id":346,"meta":{}},"./node_modules/fixed-data-table-2/internal/UserAgent_DEPRECATED.js":{"id":347,"meta":{}},"./node_modules/fixed-data-table-2/internal/isEventSupported.js":{"id":348,"meta":{}},"./node_modules/fixed-data-table-2/internal/nativeRequestAnimationFrame.js":{"id":349,"meta":{}},"./node_modules/fixed-data-table-2/internal/ReactTouchHandler.js":{"id":350,"meta":{}},"./node_modules/fixed-data-table-2/internal/EventListener.js":{"id":351,"meta":{}},"./node_modules/fixed-data-table-2/internal/cancelAnimationFramePolyfill.js":{"id":352,"meta":{}},"./node_modules/fixed-data-table-2/internal/Keys.js":{"id":353,"meta":{}},"./node_modules/fixed-data-table-2/internal/ReactDOM.js":{"id":354,"meta":{}},"./node_modules/fixed-data-table-2/internal/cssVar.js":{"id":355,"meta":{}},"./node_modules/fixed-data-table-2/internal/translateDOMPositionXY.js":{"id":356,"meta":{}},"./node_modules/fixed-data-table-2/internal/BrowserSupportCore.js":{"id":357,"meta":{}},"./node_modules/fixed-data-table-2/internal/camelize.js":{"id":358,"meta":{}},"./node_modules/fixed-data-table-2/internal/FixedDataTableBufferedRows.js":{"id":359,"meta":{}},"./node_modules/fixed-data-table-2/internal/FixedDataTableRowBuffer.js":{"id":360,"meta":{}},"./node_modules/fixed-data-table-2/internal/IntegerBufferSet.js":{"id":361,"meta":{}},"./node_modules/fixed-data-table-2/internal/Heap.js":{"id":362,"meta":{}},"./node_modules/fixed-data-table-2/internal/FixedDataTableCellGroup.js":{"id":363,"meta":{}},"./node_modules/fixed-data-table-2/internal/FixedDataTableCell.js":{"id":364,"meta":{}},"./node_modules/fixed-data-table-2/internal/FixedDataTableColumnReorderHandle.js":{"id":365,"meta":{}},"./node_modules/fixed-data-table-2/internal/FixedDataTableColumnResizeHandle.js":{"id":366,"meta":{}},"./node_modules/fixed-data-table-2/internal/FixedDataTableScrollHelper.js":{"id":367,"meta":{}},"./node_modules/fixed-data-table-2/internal/PrefixIntervalTree.js":{"id":368,"meta":{}},"./node_modules/fixed-data-table-2/internal/FixedDataTableWidthHelper.js":{"id":369,"meta":{}},"./node_modules/fixed-data-table-2/internal/debounceCore.js":{"id":370,"meta":{}},"./node_modules/keymirror/index.js":{"id":371,"meta":{}},"./node_modules/lodash/lodash.js":{"id":372,"meta":{}},"./node_modules/webpack/buildin/module.js":{"id":373,"meta":{}},"./node_modules/redux-logger/lib/index.js":{"id":374,"meta":{}},"./node_modules/redux-logger/lib/core.js":{"id":375,"meta":{}},"./node_modules/redux-logger/lib/diff.js":{"id":376,"meta":{}},"./node_modules/deep-diff/index.js":{"id":377,"meta":{}},"./node_modules/redux-logger/lib/defaults.js":{"id":378,"meta":{}}}}